{
  "status": "ok",
  "pos": 0.9582265019416809,
  "rand": 0.7965379357337952,
  "gap": 0.16168856620788574
}