{
  "status": "ok",
  "pos": 0.9622078537940979,
  "rand": 0.7665014266967773,
  "gap": 0.19570642709732056
}