{"train/loss":3.7757,"_step":7,"train/grad_norm":1.4522181749343872,"train/global_step":1602,"_timestamp":1.7567345181386704e+09,"train/learning_rate":6.898817345597898e-06,"train_loss":3.9233402056938105,"train_runtime":2446.6339,"train/epoch":6,"_runtime":4964.764614339,"train_steps_per_second":0.655,"train_samples_per_second":83.811,"total_flos":0,"_wandb":{"runtime":5000}}