{
  "status": "ok",
  "pos": 0.9559698700904846,
  "rand": 0.7419881224632263,
  "gap": 0.2139817476272583
}