{
  "status": "ok",
  "pos": 0.9631719589233398,
  "rand": 0.7705997228622437,
  "gap": 0.1925722360610962
}