{"_runtime":820.658545965,"train/learning_rate":6.767411300919843e-06,"train/epoch":6,"train/loss":3.8846,"train/grad_norm":1.4744629859924316,"_wandb":{"runtime":834},"_step":3,"total_flos":0,"train/global_step":1602,"train_samples_per_second":247.732,"train_steps_per_second":1.935,"_timestamp":1.756695451061632e+09,"train_runtime":827.7342,"train_loss":4.031402321195186}