{
  "pos_mean": 0.9570834040641785,
  "rand_mean": 0.7729568481445312,
  "gap": 0.18412655591964722
}