{
  "pos_mean": 0.9622214436531067,
  "rand_mean": 0.7672365307807922,
  "gap": 0.19498491287231445
}