{
  "status": "ok",
  "pos": 0.9576046466827393,
  "rand": 0.74397873878479,
  "gap": 0.21362590789794922
}