{
  "pos_mean": 0.9622524976730347,
  "rand_mean": 0.7603733539581299,
  "gap": 0.20187914371490479
}