{
  "status": "ok",
  "pos": 0.9618057012557983,
  "rand": 0.740738034248352,
  "gap": 0.2210676670074463
}