{
  "n_samples_used": 40000,
  "n_clusters_used": 3,
  "silhouette_cosine": 0.41730400919914246,
  "calinski_harabasz": 71.1272213915869,
  "davies_bouldin": 1.1315602600058277,
  "total_points": 1375099,
  "points_for_metrics": 40000,
  "clusters_total": 4
}