{
  "status": "ok",
  "pos": 0.9636792540550232,
  "rand": 0.7426989078521729,
  "gap": 0.22098034620285034
}