{
  "status": "ok",
  "pos": 0.9568290114402771,
  "rand": 0.7850193977355957,
  "gap": 0.1718096137046814
}