{
  "status": "ok",
  "pos": 0.95926433801651,
  "rand": 0.7921324372291565,
  "gap": 0.16713190078735352
}