{
  "status": "ok",
  "pos": 0.9546920657157898,
  "rand": 0.740730881690979,
  "gap": 0.2139611840248108
}