{"train_samples_per_second":50.242,"train/learning_rate":7.420249653259362e-06,"train/epoch":6,"train_loss":3.947290637222271,"train/loss":3.7867,"total_flos":0,"_wandb":{"runtime":4205},"_runtime":4077.541368886,"train/grad_norm":1.744826316833496,"train_runtime":4081.3956,"_timestamp":1.756825679881595e+09,"train/global_step":1602,"train_steps_per_second":0.393,"_step":3}